{"mae": 23.564500138166046, "r2_score": -0.005150259610686714}